number,issuing_country,expiration_date,nationality
938531962,South Korea,8/9/2032,UAE
283279509,Japan,11/30/2027,Ukrainian
642113516,Germany,7/18/2029,Korean
882026933,Japan,12/23/2030,Korean
903026688,Japan,3/23/2031,Japanese
516988691,United States,8/19/2028,Japanese
734231809,Japan,8/18/2027,UAE
212547333,Japan,4/21/2032,Ukrainian
470270617,United States,5/11/2031,American
474478159,United States,10/3/2031,Japanese
832997381,United States,7/24/2031,Ukrainian
321982883,United States,9/5/2030,Briton
960413164,Germany,9/7/2030,Korean
346499101,United States,10/15/2030,Briton
507240930,Ukraine,10/25/2028,Briton
627549000,Japan,5/12/2030,German
853998767,United States,10/9/2032,Japanese
223483432,South Korea,4/22/2029,UAE
700324708,Japan,7/16/2031,German
497221794,North Korea,8/28/2032,Korean
986576935,Germany,1/10/2030,Ukrainian
218987526,Japan,6/4/2030,Korean
765082595,Ukraine,12/9/2030,American
433642232,Japan,6/26/2028,Briton
652973618,United States,1/21/2028,Ukrainian
475417322,United States,7/27/2032,UAE
809476337,United States,7/19/2031,Ukrainian
924805960,Japan,7/22/2030,Briton
674958597,United States,4/27/2030,American
564566785,Germany,10/11/2029,Japanese
688091080,South Korea,8/2/2030,German
397898322,South Korea,11/20/2028,German
386846597,United States,2/2/2029,Briton
739060442,Japan,7/20/2032,American
286061267,Japan,7/5/2032,Korean
556145478,South Korea,5/23/2030,German
141324784,South Korea,8/20/2027,Korean
591151868,Ukraine,3/26/2030,German
650891176,Japan,2/23/2028,American
409276530,Ukraine,4/26/2032,Briton
896020195,Japan,4/30/2031,UAE
544054056,United States,2/15/2030,Ukrainian
360330212,Japan,10/2/2032,German
974083499,United States,8/21/2029,German
847768382,Ukraine,12/11/2032,UAE
137388949,United States,12/8/2029,UAE
179166655,Ukraine,8/5/2030,American
625418914,United States,1/19/2032,Japanese
250078100,Japan,1/21/2032,American
172501270,Japan,9/23/2031,Ukrainian
140851351,Ukraine,5/25/2032,Korean
995287319,United States,2/1/2028,Korean
587873086,Ukraine,4/20/2031,German
652099963,Japan,9/14/2031,Korean
675202597,South Korea,7/16/2028,Ukrainian
701640124,United States,8/21/2031,UAE
369306459,North Korea,5/23/2030,Briton
368663608,Japan,2/6/2028,German
908993754,Japan,5/26/2029,Korean
331684747,Japan,12/19/2030,American
445096627,Japan,3/30/2029,Briton
431574620,Ukraine,6/26/2031,Briton
714643259,South Korea,9/5/2031,Briton
468463462,United States,1/13/2030,American
437281247,United States,10/4/2029,Korean
266269033,Japan,4/30/2032,American
618328989,United States,7/21/2027,German
474974700,United States,1/12/2028,German
635240755,United States,5/3/2030,Briton
404911831,United States,7/8/2030,UAE
579285099,Japan,5/21/2028,Korean
181863188,Germany,7/16/2031,Korean
920639256,Japan,10/14/2029,Ukrainian
305329612,United States,9/9/2027,German
235089777,Ukraine,8/27/2027,Japanese
550062587,Japan,8/1/2032,German
734967537,United States,10/25/2029,German
436912534,United States,9/17/2029,Japanese
248936203,Japan,1/11/2032,Korean
855729715,Ukraine,3/11/2032,Briton
215762985,Ukraine,5/7/2028,Japanese
695695541,United States,1/10/2032,UAE
142024028,Ukraine,3/4/2029,UAE
177965883,Ukraine,4/18/2030,German
309320308,United States,6/5/2028,UAE
705991401,Japan,10/27/2031,American
535424872,North Korea,12/11/2029,UAE
752444177,Ukraine,4/30/2031,Japanese
674765389,United States,6/2/2032,Briton
117484885,North Korea,8/14/2027,German
406794002,Ukraine,11/15/2028,American
554440081,United States,5/10/2032,Briton
146894242,South Korea,10/1/2030,UAE
415409892,Japan,6/3/2030,Briton
177022669,Germany,7/14/2027,American
509919640,Ukraine,11/25/2027,UAE
209809616,Japan,12/30/2028,UAE
974959372,Japan,4/21/2030,Briton
667791882,Ukraine,7/10/2028,Ukrainian
479124023,Japan,8/23/2028,Japanese
