person_id,email,phone_number,dollars_count,credit_card_number,town,country,passport_number,passport_issuing_country
1,ogaffey0@businessweek.com,7641576908,859,4017951419548,Staryy Krym,Ukraine,117484885,North Korea
2,ndeery1@msn.com,5673430773,878,4017953862380,Klembivka,Ukraine,137388949,United States
3,sthurlbeck2@state.gov,3545592509,947,4017955253653,Yevpatoriya,Ukraine,140851351,Ukraine
4,cjayme3@hc360.com,2592885641,411,4017958927550,Watari,Japan,141324784,South Korea
5,wvanhesteren4@narod.ru,4508992664,458,4017959902263,Onomichi,Japan,142024028,Ukraine
6,bhonatsch5@freewebs.com,1545851411,88,4017959971532,Broska,Ukraine,146894242,South Korea
7,doswick6@cornell.edu,4059714068,565,4041373316702,Oklahoma City,United States,172501270,Japan
8,lleffek7@chron.com,7703190804,533,4041376591152,Kamaishi,Japan,177022669,Germany
9,llaneham8@redcross.org,9391069076,364,4041590532958,Kivertsi,Ukraine,177965883,Ukraine
10,dcornewall9@ed.gov,3789154888,382,4041597221779,Preston,United Kingdom,179166655,Ukraine
11,agorwooda@hatena.ne.jp,3542999689,351,4041598010387,Itami,Japan,181863188,Germany
12,edurbynb@amazonaws.com,5123020065,130,4041598835379,Oyama,Japan,209809616,Japan
13,gchattawayc@nasa.gov,2404131322,247,4131581036133,Hagerstown,United States,212547333,Japan
14,htomleyd@oakley.com,5988015771,228,4257397710593,Vin’kivtsi,Ukraine,215762985,Ukraine
15,kdobsone@ow.ly,2153219090,779,4274979993950,Berlin,Germany,218987526,Japan
16,rjendasf@spotify.com,5943062808,76,4299090481395,Berezna,Ukraine,223483432,South Korea
17,cmcgaugieg@delicious.com,4479803294,440,4454446049038,Jeju-si,South Korea,235089777,Ukraine
18,aguiduccih@goo.gl,2149776696,27,4560057424763,Irving,United States,248936203,Japan
19,gkunzei@state.tx.us,9909115740,681,4952042439701,Kitahiroshima,Japan,250078100,Japan
20,ccapstackj@4shared.com,6452728547,610,4992753463953,Middleton,United Kingdom,266269033,Japan
21,ashadrackk@sciencedaily.com,2128780869,516,337941097536576,Sŭngho 1-tong,North Korea,283279509,Japan
22,cbragancal@youtube.com,7108495478,894,337941319937172,Andong,South Korea,286061267,Japan
23,rgillingm@nhs.uk,5154372912,438,337941473160207,Zaporizhzhya,Ukraine,305329612,United States
24,dstarkeyn@sourceforge.net,4479528949,982,337941560504671,Tsuma,Japan,309320308,United States
25,fragborneo@apache.org,8689223339,187,337941792208497,Kapsan-ŭp,North Korea,321982883,United States
26,kavonp@goo.gl,8189136189,766,337941847176764,Maebashi-shi,Japan,331684747,Japan
27,fmansionq@wired.com,4029590406,235,346063199296428,Omaha,United States,346499101,United States
28,tpeytonr@barnesandnoble.com,5261481020,543,346575131130720,Niimi,Japan,360330212,Japan
29,grichards@google.co.jp,3197667223,736,370995594476155,Cedar Rapids,United States,368663608,Japan
30,bgodspedet@unesco.org,9791365073,548,371933856582096,Tsukawaki,Japan,369306459,North Korea
31,clebretonu@tinypic.com,1112130574,660,372301625494390,Iwatsuki,Japan,386846597,United States
32,alowaterv@reverbnation.com,5691984974,657,373054240398061,Terny,Ukraine,397898322,South Korea
33,choggettsw@sourceforge.net,1696767104,270,374198633902812,Samho-rodongjagu,North Korea,404911831,United States
34,bgammidgex@parallels.com,2085640167,722,374283474279825,Portland,United States,406794002,Ukraine
35,mwhileyy@seesaa.net,3313130326,658,374283864423868,Aurora,United States,409276530,Ukraine
36,cpenningtonz@1688.com,3704233573,455,374283897350997,Eisen,South Korea,415409892,Japan
37,emorrant10@reuters.com,2842026425,428,374283954058616,Smyga,Ukraine,431574620,Ukraine
38,gvenn11@sbwire.com,9705877698,310,374288169050829,Vesele,Ukraine,433642232,Japan
39,amiettinen12@va.gov,8372337587,873,374288271202433,Okayama-shi,Japan,436912534,United States
40,wmuckleston13@fema.gov,4392264016,754,374288367691069,Uhryniv,Ukraine,437281247,United States
41,bmartinet14@symantec.com,3157494309,480,374288607471215,Yizhivtsi,Ukraine,445096627,Japan
42,jrowlatt15@berkeley.edu,9317217751,232,374288659340169,Kamogatachō-kamogata,Japan,468463462,United States
43,ahannaford16@nytimes.com,3036464029,760,374288751732024,Aurora,United States,470270617,United States
44,cpetken17@linkedin.com,4809120347,544,374288898232854,Chandler,United States,474478159,United States
45,iwoof18@discuz.net,1615310168,841,5583364315770408,Ina,Japan,474974700,United States
46,zcrolly19@alexa.com,8136572836,653,374288909638529,Tampa,United States,475417322,United States
47,bcinderey1a@ftc.gov,3175134670,241,374622253043904,Indianapolis,United States,479124023,Japan
48,jlivick1b@mlb.com,8645823259,115,374622278968978,Pohang,South Korea,497221794,North Korea
49,cdunckley1c@archive.org,2028174010,993,374622553207704,Washington,United States,507240930,Ukraine
50,sclem1d@lycos.com,3209037290,643,375350982700698,Kitakami,Japan,509919640,Ukraine
51,ggrason1e@alibaba.com,8369687241,551,4017950758830102,Lymanske,Ukraine,516988691,United States
52,icundey1f@unesco.org,4359010915,932,4017952333726193,Salt Lake City,United States,535424872,North Korea
53,jjerrome1g@wp.com,5121540058,599,4017952987807588,Austin,United States,544054056,United States
54,ioxenford1h@google.ca,8845204165,588,4017958431063520,Bremerhaven,Germany,550062587,Japan
55,ppovall1i@bigcartel.com,6329299989,895,4041370473434496,Chemnitz,Germany,554440081,United States
56,bbuckberry1j@wordpress.com,6151757482,346,4041373292825860,Menuma,Japan,556145478,South Korea
57,zhaslehurst1k@xing.com,6102249434,583,4041374636743579,Allentown,United States,564566785,Germany
58,ahatto1l@g.co,8237158810,882,4041375137751763,Cheongsong gun,South Korea,579285099,Japan
59,djaneway1m@boston.com,1148438151,458,4041376430377926,Ijūin,Japan,587873086,Ukraine
60,hposen1n@hostgator.com,5014181287,205,4041376544461400,North Little Rock,United States,591151868,Ukraine
61,mphaup1o@netvibes.com,8169365784,417,4041590323758378,Kansas City,United States,618328989,United States
62,bthamelt1p@tamu.edu,2561575795,139,4041590715757103,Volodars’k-Volyns’kyy,Ukraine,625418914,United States
63,ecawthra1q@wikimedia.org,4084168998,226,4041597128211669,Youkaichi,Japan,627549000,Japan
64,kextence1r@lulu.com,2955797107,463,4041599346811460,Haysyn,Ukraine,635240755,United States
65,lyell1s@twitpic.com,3908145342,339,4138925847533218,Osnabrück,Germany,642113516,Germany
66,rtomaszewski1t@cam.ac.uk,8434182455,448,4271582709285960,Monastyryshche,Ukraine,650891176,Japan
67,obarlas1u@vk.com,9233841508,245,5002351880525906,Saga-shi,Japan,652099963,Japan
68,jsolomonides1v@timesonline.co.uk,2543645841,269,5007669800868360,Waco,United States,652973618,United States
69,bchark1w@w3.org,3145584190,804,5010120320694444,Verkhnya Rozhanka,Ukraine,667791882,Ukraine
70,fronayne1x@gravatar.com,2161271753,523,5010125962686855,Cleveland,United States,674765389,United States
71,kfellos1y@g.co,9007838054,272,5010127269288260,Songhae,South Korea,674958597,United States
72,eserrels1z@ehow.com,2814065696,772,5010129150815516,Horodok,Ukraine,675202597,South Korea
73,tstannah20@hibu.com,9103961886,167,5048371067727063,Stetseva,Ukraine,688091080,South Korea
74,epalmar21@opera.com,3602450091,98,5048373645433933,Vancouver,United States,695695541,United States
75,ctebbutt22@w3.org,1824085899,252,5048374681324945,Ishinomaki,Japan,700324708,Japan
76,xizkovitch23@elpais.com,8088835416,79,5048374869172363,Honolulu,United States,701640124,United States
77,thowsley24@telegraph.co.uk,9841636096,80,5048376627473439,Kamo,Japan,705991401,Japan
78,rmactrusty25@smh.com.au,9819064243,865,5100133301865165,Samsan,South Korea,714643259,South Korea
79,sleathley26@cbc.ca,8552394060,636,5100142934077049,Ulanov,Ukraine,734231809,Japan
80,lbugbird27@hexun.com,6967020749,731,5100143198086767,Bila Tserkva,Ukraine,734967537,United States
81,udilworth28@globo.com,1517004863,541,5100146374328085,Fukuma,Japan,739060442,Japan
82,hcamp29@smh.com.au,3105204652,40,5100174624943073,Kamyshevka Vtoraya,Ukraine,752444177,Ukraine
83,pbent2a@hud.gov,5041503757,404,5100174811770982,New Orleans,United States,765082595,Ukraine
84,tomannion2b@people.com.cn,7152573601,970,5100175602775171,Zolotyy Potik,Ukraine,809476337,United States
85,nmunt2c@wikimedia.org,7734185780,840,5100175913361703,Stetseva,Ukraine,832997381,United States
86,mshirrell2d@biblegateway.com,5352795821,208,5105235273892765,Novomoskovs’k,Ukraine,847768382,Ukraine
87,laustick2e@nymag.com,9556233902,175,5108751459261432,Aberdeen,United Kingdom,853998767,United States
88,iconnell2f@usa.gov,8004415340,496,5108753096979939,Druzhba,Ukraine,855729715,Ukraine
89,gweldon2g@naver.com,5638261516,877,5140372805496026,Horodyshche,Ukraine,882026933,Japan
90,kfullwood2h@wikimedia.org,7357652607,789,5184043319488018,Setaka,Japan,896020195,Japan
91,rnoen2i@gov.uk,9722754310,72,5233715345205331,Dallas,United States,903026688,Japan
92,slowy2j@printfriendly.com,6203236226,743,5244762679636209,Kotovs’k,Ukraine,908993754,Japan
93,jegerton2k@vk.com,5189454963,781,5267074453797823,Amagasaki,Japan,920639256,Japan
94,tgarbar2l@nymag.com,7176017623,913,5319271995477058,Lancaster,United States,924805960,Japan
95,cshotboulte2m@yale.edu,2477007783,829,5319495065735588,Podgortsy,Ukraine,938531962,South Korea
96,kcostanza2n@godaddy.com,1192659865,791,5375309295766126,Numazu,Japan,960413164,Germany
97,noganesian2o@cocolog-nifty.com,3901832457,743,5466956772999677,Kawaguchi,Japan,974083499,United States
98,ahuortic2p@statcounter.com,3366286408,541,5535274056504651,Greensboro,United States,974959372,Japan
99,vslot2q@youtube.com,5915566416,209,5535886071485234,Kobelyaky,Ukraine,986576935,Germany
100,mklimpt2r@360.cn,9689950795,718,5578996735131872,Stapleford,United Kingdom,995287319,United States
